config,fold,loss,balanced_accuracy,accuracy,macro_f1,train_balanced_accuracy
baseline,1,0.196607556348435,0.9376228249172954,0.9241138292561158,0.937410565896869,0.9465336177752117
baseline,2,0.19001280308246374,0.941735877205528,0.9325337331334332,0.9430626800565457,0.9467525569557053
baseline,3,0.16566360425949098,0.9466814282224655,0.939,0.9471084500890274,0.9463868240343409
baseline,4,0.19876887085379333,0.9341742269323473,0.9214607303651826,0.9351201394319933,0.9506276196529381
baseline,5,0.17986809364186565,0.9453401303932539,0.9359038557836755,0.9469906048815677,0.9482953715718904
dropout,1,0.19711528690945668,0.937347804988236,0.9236145781328008,0.9371047481401061,0.945937744724325
dropout,2,0.19627390090731725,0.939804798340344,0.9310344827586207,0.9412659573173638,0.9445840747176835
dropout,3,0.1673376603126526,0.9476071659094067,0.94,0.9489037547092563,0.9450590448065829
dropout,4,0.19959259467043836,0.9350005442907267,0.9219609804902451,0.9361639164353027,0.9464649735777926
dropout,5,0.18390712710577783,0.9425534483948422,0.9344016024036054,0.9440913456637825,0.945654079833942
weight_decay,1,0.202424047428313,0.9387282679993179,0.9251123315027459,0.9386347815083097,0.943871096888787
weight_decay,2,0.1987058169570105,0.9422445270023186,0.9335332333833083,0.9432915171724191,0.9420635693875244
weight_decay,3,0.17393485450744628,0.9483206653969732,0.9405,0.9493595209564213,0.9440362473241246
weight_decay,4,0.20601244182095282,0.9336831533675047,0.9204602301150575,0.9347203740193797,0.9449988189548707
weight_decay,5,0.18808128846306532,0.9448313582150211,0.9354031046569855,0.9461575017571493,0.9444488844937264
deeper,1,0.19452045172735624,0.9410120660159452,0.928607089365951,0.9407482293874142,0.9524251680346134
deeper,2,0.18563269931396684,0.9471515524389226,0.9370314842578711,0.948012098169851,0.9510992352687937
deeper,3,0.1595892562866211,0.9500285814072976,0.941,0.9503083065310332,0.952228458143286
deeper,4,0.1920201252137738,0.9385472617083338,0.9259629814907454,0.9397125626264717,0.9544183748615458
deeper,5,0.17752715230405958,0.9494234653748236,0.9399098647971958,0.9503480163584335,0.9539036627398741
tanh,1,0.2095694826414629,0.9367619295117644,0.9226160758861708,0.9366767826654806,0.9375143723562563
tanh,2,0.21149415310950712,0.9333240383081645,0.9225387306346826,0.9335696028115594,0.9411447596695072
tanh,3,0.1833095054626465,0.9447623500653721,0.938,0.9463830584005167,0.9383837277627822
tanh,4,0.22078126950702887,0.933228455576324,0.9194597298649325,0.9346317714804568,0.9423216240955007
tanh,5,0.19549152446079684,0.9382354450772397,0.927391086629945,0.9389643481116087,0.9400576502083731
